Municipality,numbered,Moody's
"ANDOVER",1,
"ANSONIA",2,"A1"
"ASHFORD",3,"Aa3"
"AVON",4,"Aaa"
"BARKHAMSTED",5," "
"BEACON FALLS",6," "
"BERLIN",7,"Aa2"
"BETHANY",8,"Aa2"
"BETHEL",9,"Aa2"
"BETHLEHEM",10," "
"BLOOMFIELD",11,"Aa2"
"BOLTON",12,"Aa3"
"BOZRAH",13,"A1"
"BRANFORD",14,"Aa1"
"BRIDGEPORT",15,"A1"
"BRIDGEWATER",16," "
"BRISTOL",17,"Aa2"
"BROOKFIELD",18,"Aa1"
"BROOKLYN",19,"A1"
"BURLINGTON",20,"Aa2"
"CANAAN",21," "
"CANTERBURY",22,"A1"
"CANTON",23,"Aa2"
"CHAPLIN",24," "
"CHESHIRE",25,"Aa1"
"CHESTER",26,"Aa3"
"CLINTON",27,"Aa2"
"COLCHESTER",28,"Aa2"
"COLEBROOK",29,"A1"
"COLUMBIA",30,"Aa2"
"CORNWALL",31,"Aa2"
"COVENTRY",32,"Aa3"
"CROMWELL",33," "
"DANBURY",34,"Aa1"
"DARIEN",35,"Aaa"
"DEEP RIVER",36," "
"DERBY",37,"Aa3"
"DURHAM",38," "
"EAST GRANBY",39,"Aa2"
"EAST HADDAM",40,"Aa2"
"EAST HAMPTON",41,"Aa3"
"EAST HARTFORD",42,"Aa2"
"EAST HAVEN",43,"A1"
"EAST LYME",44,"Aa2"
"EAST WINDSOR",45,"Aa2"
"EASTFORD",46," "
"EASTON",47,"Aaa"
"ELLINGTON",48,"Aa3"
"ENFIELD",49,"Aa2"
"ESSEX",50,"Aa2"
"FAIRFIELD",51,"Aaa"
"FARMINGTON",52,"Aaa"
"FRANKLIN",53," "
"GLASTONBURY",54,"Aaa"
"GOSHEN",55," "
"GRANBY",56,"Aa2"
"GREENWICH",57,"Aaa"
"GRISWOLD",58," "
"GROTON",59,"Aa2"
"GROTON (City of)",60,"Aa2"
"GUILFORD",61,"Aa2"
"HADDAM",62," "
"HAMDEN",63,"Aa3"
"HAMPTON",64," "
"HARTFORD",65,"Aa3"
"HARTLAND",66,"A1"
"HARWINTON",67," "
"HEBRON",68,"Aa2"
"KENT",69,"Aa2"
"KILLINGLY",70,"Aa2"
"KILLINGWORTH",71,"Aa2"
"LEBANON",72,"Aa2"
"LEDYARD",73,"Aa2"
"LISBON",74,"A1"
"LITCHFIELD",75,"Aa2"
"LYME",76," "
"MADISON",77,"Aaa"
"MANCHESTER",78,"Aa1"
"MANSFIELD",79,"Aa2"
"MARLBOROUGH",80,"Aa2"
"MERIDEN",81,"A1"
"MIDDLEBURY",82,"Aa2"
"MIDDLEFIELD",83," "
"MIDDLETOWN",84,"Aa2"
"MILFORD",85,"Aa1"
"MONROE",86,"Aa2"
"MONTVILLE",87,"Aa2"
"MORRIS",88," "
"NAUGATUCK",89,"Aa2"
"NEW BRITAIN",90,"A1"
"NEW CANAAN",91,"Aaa"
"NEW FAIRFIELD",92,"Aa1"
"NEW HARTFORD",93,"Aa3"
"NEW HAVEN",94,"A1"
"NEW LONDON",95," "
"NEW MILFORD",96,"Aa1"
"NEWINGTON",97,"Aa2"
"NEWTOWN",98,"Aa1"
"NORFOLK",99," "
"NORTH BRANFORD",100,"Aa2"
"NORTH CANAAN",101,"A1"
"NORTH HAVEN",102,"Aa1"
"NORTH STONINGTON",103,"A1"
"NORWALK",104,"Aaa"
"NORWICH",105,"Aa2"
"OLD LYME",106," "
"OLD SAYBROOK",107,"Aa2"
"ORANGE",108,"Aa1"
"OXFORD",109,"Aa2"
"PLAINFIELD",110,"Aa3"
"PLAINVILLE",111,"Aa2"
"PLYMOUTH",112,"Aa3"
"POMFRET",113," "
"PORTLAND",114,"Aa3"
"PRESTON",115," "
"PROSPECT",116,"A1"
"PUTNAM",117," "
"REDDING",118,"Aa1"
"RIDGEFIELD",119,"Aaa"
"ROCKY HILL",120,"Aa2"
"ROXBURY",121," "
"SALEM",122,"A1"
"SALISBURY",123,"Aa2"
"SCOTLAND",124,"A1"
"SEYMOUR",125,"Aa3"
"SHARON",126,"Aa2"
"SHELTON",127,"Aa2"
"SHERMAN",128,"Aa2"
"SIMSBURY",129,"Aaa"
"SOMERS",130,"Aa2"
"SOUTH WINDSOR",131,"Aa2"
"SOUTHBURY",132,"Aa2"
"SOUTHINGTON",133,"Aa2"
"SPRAGUE",134,"A1"
"STAFFORD",135,"A1"
"STAMFORD",136,"Aa1"
"STERLING",137,"A1"
"STONINGTON",138,"Aa1"
"STRATFORD",139,"Aa2"
"SUFFIELD",140,"Aa2"
"THOMASTON",141,"Aa3"
"THOMPSON",142,"A1"
"TOLLAND",143,"Aa2"
"TORRINGTON",144,"Aa2"
"TRUMBULL",145,"Aa2"
"UNION",146," "
"VERNON",147,"Aa2"
"VOLUNTOWN",148," "
"WALLINGFORD",149,"Aaa"
"WARREN",150,"Aa2"
"WASHINGTON",151,"Aa2"
"WATERBURY",152,"A1"
"WATERFORD",153,"Aa2"
"WATERTOWN",154,"Aa3"
"WEST HARTFORD",155,"Aa2"
"WEST HAVEN",156,"A2"
"WESTBROOK",157,"Aa2"
"WESTON",158,"Aaa"
"WESTPORT",159,"Aaa"
"WETHERSFIELD",160,"Aa2"
"WILLINGTON",161,"Aa3"
"WILTON",162,"Aaa"
"WINCHESTER",163,"Aa3"
"WINDHAM",164,"Aa3"
"WINDSOR",165,"Aa1"
"WINDSOR LOCKS",166,"Aa1"
"WOLCOTT",167,"A1"
"WOODBRIDGE",168,"Aaa"
"WOODBURY",169,"Aa2"
"WOODSTOCK",170,"Aa3"
